{"cameraMode":{"drawMode":0,"name":"Shaded","section":"Shading Mode"},"sceneLighting":false,"audioPlay":false,"sceneViewState":{"m_AlwaysRefresh":false,"showFog":true,"showSkybox":false,"showFlares":true,"showImageEffects":true,"showParticleSystems":true,"showVisualEffectGraphs":true,"m_FxEnabled":true},"in2DMode":false,"pivot":{"x":0.20027552545070649,"y":-0.32885241508483889,"z":-2.092005491256714},"rotation":{"x":-0.0041252244263887409,"y":-0.9931291341781616,"z":0.11130420863628388,"w":-0.03662216290831566},"size":3.35512375831604,"orthographic":false}